{"train_loss": [0.559028197924296, 0.4665373400847117, 0.4233481252193451, 0.40897507429122926, 0.3818853799502055, 0.36664197643597923, 0.33689514835675555, 0.3250993990898132, 0.31317987461884816, 0.2976824951171875, 0.2835519222418467, 0.2696274423599243, 0.2628601801395416, 0.25552414973576865, 0.23980987191200256, 0.22647099057833353, 0.2262412146727244, 0.22105949759483337, 0.19917426109313965, 0.20308084030946097, 0.1857843319574992, 0.18460066239039102, 0.1789168506860733, 0.1638699686527252, 0.16623918732007345, 0.15785892943541208, 0.14046977440516153, 0.14007103304068247, 0.12986260483662287, 0.13319587449232737, 0.13520053774118423, 0.12878607392311095, 0.1170891402165095, 0.11159219433863958, 0.11305597484111786, 0.10913383553425471, 0.10761903166770935, 0.09970211029052735, 0.10168357372283936, 0.099999471505483, 0.09302569538354874], "val_loss": [0.6536862708858608, 0.489405804995409, 0.5137366130179966, 0.3895716584220375, 0.5044453463603541, 0.43874592449247224, 0.3360166482089721, 0.3150777159277926, 0.327102228384657, 0.30184353503984274, 0.3401930740813619, 0.3631285682474215, 0.34530581887235345, 0.34737717636774496, 0.2981324134413729, 0.28051408649105386, 0.27341333753669383, 0.2989552138546078, 0.2790285782101228, 0.26823930450014233, 0.27837312056385366, 0.26405693045289247, 0.29177654411682147, 0.25162340827363056, 0.26561851292541344, 0.2735727114468506, 0.2646756604621091, 0.24998244263001324, 0.25498087623531057, 0.2629695627646348, 0.25080975275678735, 0.25881436782092165, 0.2633183704132272, 0.263640052494929, 0.2700629059186916, 0.26487930960108325, 0.2738044262700474, 0.2758598113336514, 0.2753398241379212, 0.279954249865001, 0.2779547468442278], "val_dice": [0.0004910221074525682, 0.37561148568296554, 0.34233117553332104, 0.5489073846541398, 0.38890431160644323, 0.44366658583291524, 0.580025912229345, 0.6094551700689501, 0.5538813467943121, 0.5955217968328669, 0.565858725765624, 0.5475109777090091, 0.575875178220701, 0.5904580569085645, 0.6399521452353979, 0.6703713773443728, 0.6718816006327073, 0.6505564964618222, 0.6906414488366113, 0.679985949226057, 0.6598207747260529, 0.6914275497175677, 0.6778876663835767, 0.6809499602408623, 0.7168710746792039, 0.6785280960534363, 0.7139555572843184, 0.714714461085397, 0.720920608855372, 0.7073181936986245, 0.7318745909859777, 0.7046643872403665, 0.7139734300423144, 0.7215199456656319, 0.7205100868020813, 0.723535135967038, 0.7199125678301984, 0.7196007541920668, 0.7180557989492636, 0.7171875794392127, 0.7125302518273661]}