{"train_loss": [0.5238352529207866, 0.36713504830996196, 0.3376650377114614, 0.31625836849212646, 0.3099426333109538, 0.31179686188697814, 0.2545907994111379, 0.21879865527153014, 0.193331036567688, 0.17797856469949086, 0.17594308515389762, 0.18367998838424682, 0.17043562869230905, 0.1749976772069931, 0.16095067103703817, 0.165191703637441, 0.15644785781701406, 0.1573976496855418, 0.14928360005219776, 0.15512984991073608, 0.15002331693967183, 0.14561343451340994, 0.154788556098938, 0.14332690080006918], "val_loss": [0.8422952656893387, 0.4930077825010437, 0.3447770934129499, 0.30647080245706226, 0.3039009651726054, 0.2717974735903986, 0.24450578794036945, 0.23418276541933572, 0.22920876119247416, 0.22481699080504092, 0.21870570149771945, 0.21863608373348245, 0.220752350371523, 0.21697874159849795, 0.22430748888051388, 0.22172127249314613, 0.22366563223071934, 0.22318962876944198, 0.21668650006356927, 0.2198878050080894, 0.22152339329117351, 0.22022159562743815, 0.22693661600351334, 0.21809881318783023], "val_dice": [0.36897541266882833, 0.3849062775374965, 0.5861382453814755, 0.6270020059153879, 0.6263023935109568, 0.6619131247100142, 0.7126967399384102, 0.7342589673556635, 0.7450153973222393, 0.7514304234502241, 0.753802004539091, 0.759679924082203, 0.7563048991729918, 0.761773012348057, 0.7535707045768955, 0.7489635948783037, 0.7519909184193239, 0.7497197306635741, 0.7521942999098719, 0.7502708017991702, 0.7498781522255891, 0.7548265796461978, 0.7498415018211013, 0.7594834066082522]}