{"train_loss": [1.028925937461636, 0.7670148635480184, 0.6071653288107819, 0.5557701443581586, 0.4773557018297931, 0.4197602164555464, 0.3790345553041725, 0.38447197590264853, 0.3717892105533266, 0.3507817380799911, 0.35191867877734534, 0.36438098995691004, 0.3311131439586006, 0.328138195308809, 0.30505976775942945, 0.2987253537763915, 0.27030423756548977, 0.29914584688087914, 0.30553919809263314, 0.28292906998028394, 0.29984892625043824, 0.27514685623441, 0.2755634612631608, 0.3128503574581819, 0.24682304405515104, 0.2906348527630577, 0.30475065578305005, 0.2777469780325754, 0.26856109037130765, 0.25540453365095916, 0.2552734295900093, 0.2794334891848732, 0.2606557129932074], "val_loss": [0.8221079340347877, 0.6680491413825598, 0.6488419718976713, 0.605549244926526, 0.5168090996324507, 0.46209776668976515, 0.4556968972150587, 0.4501384552090596, 0.46948306654126215, 0.44666003913451463, 0.45493004362807316, 0.4339862132174337, 0.4582563518331601, 0.47455317164078736, 0.45860353131324816, 0.4395154353836153, 0.4474132058139031, 0.43985723041825825, 0.44650913418358207, 0.4487470541244898, 0.4447390796282353, 0.4529344703779261, 0.45319391143882376, 0.42014285492209286, 0.4419196993749366, 0.43943737807054806, 0.4706916150629011, 0.43655630169261217, 0.43132260167955333, 0.4454105099679058, 0.40892060645497763, 0.3914803977832835, 0.39882609413729775], "train_acc": [0.5096700796359499, 0.6848691695108078, 0.7599544937428896, 0.7610921501706485, 0.7997724687144482, 0.8179749715585893, 0.8407281001137656, 0.8441410693970421, 0.8486916951080774, 0.8589306029579067, 0.8543799772468714, 0.8498293515358362, 0.8737201365187713, 0.8646188850967008, 0.8816837315130831, 0.8794084186575654, 0.8919226393629124, 0.875995449374289, 0.8714448236632537, 0.8850967007963595, 0.8816837315130831, 0.8896473265073948, 0.8839590443686007, 0.8714448236632537, 0.8987485779294653, 0.8873720136518771, 0.8680318543799772, 0.8816837315130831, 0.8907849829351536, 0.89419795221843, 0.89419795221843, 0.8964732650739476, 0.8953356086461889], "val_acc": [0.6752136752136753, 0.6752136752136753, 0.7264957264957265, 0.7435897435897436, 0.7692307692307693, 0.8290598290598291, 0.8290598290598291, 0.8376068376068376, 0.8376068376068376, 0.8376068376068376, 0.8205128205128205, 0.8290598290598291, 0.8376068376068376, 0.8547008547008547, 0.8632478632478633, 0.8632478632478633, 0.8461538461538461, 0.8461538461538461, 0.8547008547008547, 0.8547008547008547, 0.8547008547008547, 0.8547008547008547, 0.8632478632478633, 0.8547008547008547, 0.8632478632478633, 0.8547008547008547, 0.8547008547008547, 0.8547008547008547, 0.8547008547008547, 0.8547008547008547, 0.8547008547008547, 0.8461538461538461, 0.8547008547008547]}