{"train_loss": [0.8820162001865851, 0.5841072276658437, 0.4653322364757764, 0.3331574566060501, 0.2968150033817899, 0.2617573096788784, 0.2629998114269409, 0.23400277423166985, 0.29012612806923427, 0.24024074161012018, 0.2364119075840515, 0.2272313820691917, 0.21049545739223255, 0.21144942969795788, 0.2314069228367594, 0.1848930804328029, 0.19301281087905744, 0.2216169255127679, 0.19138921283193958, 0.21512776991274035, 0.2154585722160014, 0.18306139343766764, 0.18099797606061344, 0.2204589984963507, 0.1757102921643253, 0.192245035068862, 0.20024423155005475, 0.19585574915859344, 0.19628598081611257, 0.18894301843114272, 0.19954683845682628, 0.1697920390973726, 0.20866807161558068, 0.18132585092141495, 0.17640849891138835, 0.1704086388066089, 0.20338609977386918, 0.17462113480993777, 0.16973262590454707, 0.19520817839448362, 0.1520146346387196, 0.16671659737672823], "val_loss": [0.5612180314512334, 0.47107370770894563, 0.3286500058622442, 0.3352597852547963, 0.28808692403328723, 0.2863907274017986, 0.2943368920913109, 0.31696362525988847, 0.2652800439769386, 0.2902749038150168, 0.30406195485693777, 0.29949603885666937, 0.26105747824041253, 0.2710106984162942, 0.2823603239833799, 0.276153028011322, 0.3075588592606732, 0.27762038432634795, 0.28152082822261715, 0.27291845256446773, 0.28433947074107635, 0.28304765341628313, 0.2611669678973336, 0.28633902826879776, 0.2861354096322997, 0.2824008192262079, 0.29661169928363246, 0.2712103474853385, 0.29760849705109227, 0.2633824531848614, 0.2872588542791513, 0.2857319040176196, 0.2726052174201378, 0.28762402137120563, 0.27206468276488477, 0.2881339931080484, 0.28668208127347833, 0.282620676052876, 0.2766952412760156, 0.2740671127779871, 0.2832501586685833, 0.26950228112375635], "train_acc": [0.6018202502844141, 0.7485779294653014, 0.8122866894197952, 0.8748577929465301, 0.8771331058020477, 0.8987485779294653, 0.8930602957906713, 0.9124004550625711, 0.888509670079636, 0.9032992036405005, 0.9055745164960182, 0.9180887372013652, 0.919226393629124, 0.919226393629124, 0.9215017064846417, 0.9362912400455062, 0.9294653014789533, 0.9226393629124005, 0.919226393629124, 0.9226393629124005, 0.919226393629124, 0.9328782707622298, 0.9306029579067122, 0.9169510807736063, 0.931740614334471, 0.9351535836177475, 0.9226393629124005, 0.926052332195677, 0.9271899886234357, 0.9340159271899886, 0.9237770193401593, 0.944254835039818, 0.919226393629124, 0.9419795221843004, 0.931740614334471, 0.9328782707622298, 0.9226393629124005, 0.9385665529010239, 0.9385665529010239, 0.9271899886234357, 0.9385665529010239, 0.944254835039818], "val_acc": [0.7350427350427351, 0.8034188034188035, 0.8461538461538461, 0.8632478632478633, 0.8803418803418803, 0.8717948717948718, 0.8632478632478633, 0.8632478632478633, 0.8717948717948718, 0.8632478632478633, 0.8803418803418803, 0.8632478632478633, 0.8888888888888888, 0.8717948717948718, 0.8888888888888888, 0.8888888888888888, 0.8803418803418803, 0.8888888888888888, 0.8803418803418803, 0.8717948717948718, 0.8803418803418803, 0.8888888888888888, 0.8888888888888888, 0.8888888888888888, 0.8717948717948718, 0.8888888888888888, 0.8803418803418803, 0.8888888888888888, 0.8717948717948718, 0.8974358974358975, 0.8888888888888888, 0.905982905982906, 0.8888888888888888, 0.8888888888888888, 0.8974358974358975, 0.8717948717948718, 0.8717948717948718, 0.8717948717948718, 0.905982905982906, 0.8888888888888888, 0.8717948717948718, 0.8974358974358975]}