{"train_loss": [0.9996045655629198, 0.8374702680232988, 0.7604658277504002, 0.7327422966186775, 0.7202117017240384, 0.6914976855593736, 0.6838105948169348, 0.6869012163496397, 0.6754573532406651, 0.6767092998795406, 0.6877569211085366, 0.6105433063024276, 0.48096973893992323, 0.398857578855597, 0.3603283222489254, 0.3284434468333903, 0.3070677068249764, 0.2942368043533635, 0.29215104228671773, 0.2590384846118801, 0.28673413328072045, 0.24755148333629787, 0.2620802602738108, 0.21985388760782346, 0.21868079290031303, 0.21239428308636663, 0.22398572766557928, 0.20181856015368668, 0.18230408801357087, 0.1950771484155297, 0.1804301189099766, 0.2068423303405715, 0.1607359091584932], "val_loss": [0.7648228019730657, 0.6687018514698387, 0.6028050357459956, 0.6146473283441658, 0.5964794538469396, 0.5550843961218483, 0.5646211413236765, 0.5557123949894538, 0.5528845511949979, 0.553700241777632, 0.49934390250943667, 0.4255402057598799, 0.4800009351764989, 0.37807591437784016, 0.4093327900538078, 0.3677111736252012, 0.3669275436152378, 0.37618569964463383, 0.37209321908716464, 0.37006206502421546, 0.3899169228811804, 0.40876696021176684, 0.3594715801608932, 0.48170224859371275, 0.4106833190322878, 0.4170230014854644, 0.39574054059618285, 0.47491880868458086, 0.4181539554290203, 0.4279153532941595, 0.4808094911794696, 0.3878602113805584, 0.403642501641248], "train_acc": [0.4937428896473265, 0.6348122866894198, 0.6598407281001137, 0.6825938566552902, 0.70193401592719, 0.7110352673492605, 0.7053469852104665, 0.7167235494880546, 0.7155858930602957, 0.7030716723549488, 0.6916951080773607, 0.7417519908987485, 0.7997724687144482, 0.8213879408418657, 0.8600682593856656, 0.8623435722411832, 0.8794084186575654, 0.8816837315130831, 0.8828213879408419, 0.8976109215017065, 0.8839590443686007, 0.8919226393629124, 0.9032992036405005, 0.9089874857792947, 0.9078498293515358, 0.9180887372013652, 0.9158134243458476, 0.9169510807736063, 0.9249146757679181, 0.9249146757679181, 0.9271899886234357, 0.9135381114903299, 0.9385665529010239], "val_acc": [0.7606837606837606, 0.717948717948718, 0.7948717948717948, 0.7264957264957265, 0.7094017094017094, 0.7435897435897436, 0.7264957264957265, 0.7606837606837606, 0.7606837606837606, 0.7521367521367521, 0.811965811965812, 0.8205128205128205, 0.8376068376068376, 0.8376068376068376, 0.8547008547008547, 0.8717948717948718, 0.8461538461538461, 0.8376068376068376, 0.8376068376068376, 0.8547008547008547, 0.8461538461538461, 0.8547008547008547, 0.8803418803418803, 0.8717948717948718, 0.8632478632478633, 0.8803418803418803, 0.8803418803418803, 0.8803418803418803, 0.8632478632478633, 0.8803418803418803, 0.8632478632478633, 0.8632478632478633, 0.8803418803418803]}