{"train_loss": [0.5588210876782735, 0.3802234141031901, 0.3453063456217448, 0.3197222677866618, 0.30334946036338806, 0.3085801049073537, 0.24540982206662496, 0.22654422561327617, 0.2044489667812983, 0.18655598878860474, 0.18454082628091176, 0.1763376063108444, 0.17310749928156535, 0.17148185869057972, 0.16853446821371715, 0.16087701658407846, 0.1584782838821411, 0.15762798368930817, 0.15443928480148317, 0.1528014479080836, 0.14845886965592703, 0.1542959024508794, 0.1424393880367279, 0.14562183916568755, 0.14298816363016764, 0.14050468901793162, 0.14441514074802397, 0.141053137977918, 0.13943892538547517, 0.14318958580493926, 0.1389827545483907, 0.13143890062967936, 0.13530997534592945, 0.13096015969912211], "val_loss": [0.4718679097509876, 0.3671816054385962, 0.3454031248375313, 0.31311725310443606, 0.322070493218825, 0.26101713435551555, 0.24588722651152267, 0.2670786063542071, 0.2275057988068492, 0.23031755406217477, 0.22314429083435805, 0.22611057358918732, 0.23533764673569768, 0.22578037630036935, 0.2216511742816758, 0.22029203506781883, 0.2208764455137179, 0.21854815513049206, 0.2231360981144856, 0.21558435891092437, 0.22004627090753967, 0.2159145244003571, 0.2133599709450584, 0.21300325995868014, 0.22325156936325977, 0.21164419882229923, 0.20998584237141707, 0.21798147906347648, 0.2127742456253042, 0.2115219283810596, 0.21335941553115845, 0.22537168672250718, 0.213882253994954, 0.2175558338460234], "val_dice": [0.3936056410797785, 0.5624544338451293, 0.5904434500086618, 0.6230362625208296, 0.627396771695278, 0.6936904887872666, 0.729667998253117, 0.6961545859698743, 0.7358982571526419, 0.7417035471736789, 0.750272325600423, 0.7509213610229409, 0.7408373840882313, 0.7478906265950519, 0.7528794863283486, 0.7523315139852954, 0.7581278557963274, 0.759790673298244, 0.7602720715331464, 0.7684017015016786, 0.7597439354123576, 0.7627160820933587, 0.7684325067369632, 0.7704855676004712, 0.7641069473999975, 0.7657486044408119, 0.7619559956977345, 0.7641972278638746, 0.7694390470180936, 0.7652791159426416, 0.7664849025577777, 0.7635120952835837, 0.7694725202441218, 0.7663589109957384]}