{"train_loss": [0.5286240434646606, 0.36753390471140546, 0.3345376082261403, 0.30796892325083414, 0.2923038113117218, 0.2917544984817505, 0.2517831027507782, 0.21211959640185038, 0.19822161595026652, 0.18334462622801462, 0.18041866799195608, 0.18117211520671844, 0.17088254113992055, 0.1815397846698761, 0.16802569727102915, 0.16726833681265513, 0.15010640323162078, 0.1548279943068822, 0.15900275766849517, 0.14812253614266713, 0.1512807599703471, 0.15349503298600514, 0.15364519834518434, 0.14477523326873779, 0.14358375052611033, 0.14848850905895233, 0.13852853059768677, 0.14658184766769408, 0.14084520916144053, 0.13625709772109984, 0.13429640114307403, 0.13788795828819275, 0.13776179095109303, 0.14556776106357575, 0.13795696874459584, 0.13802111883958182, 0.13752270420392354, 0.1301787918806076, 0.1276015669107437, 0.1280403357744217, 0.1296908422311147, 0.1298084533214569, 0.13908496181170146, 0.1235359654823939, 0.12848677059014638, 0.13250064810117085, 0.13446678578853608, 0.1338814624150594, 0.12963921209176382], "val_loss": [2.75675383793939, 0.41777221535898973, 0.32907053544042036, 0.3356838856161255, 0.2992165649367362, 0.27043857725010706, 0.26491905825654255, 0.24427819144480006, 0.23831203241938168, 0.23153702361682027, 0.23873314929684414, 0.231010331013768, 0.22836501212771407, 0.23910581735298805, 0.237345865322757, 0.22994439918355844, 0.223003098568351, 0.22769433997341038, 0.223342578051631, 0.23651225235044343, 0.2295170406398085, 0.2188901389305739, 0.22639188953896158, 0.2207355764262455, 0.22223806519483782, 0.2252999658206689, 0.21999190417454415, 0.21885216259157536, 0.22398052195605545, 0.22399025279836557, 0.22783305204098986, 0.23432403464907223, 0.23041288078445749, 0.23026445580972837, 0.2201555924701322, 0.22646695029797012, 0.2163932334977327, 0.2221028265572086, 0.21571946735541844, 0.22417769273839047, 0.2195091466467405, 0.22424160562378845, 0.21999283718694115, 0.22471523507661426, 0.22768844449028527, 0.21840627733425996, 0.22463354794788606, 0.2195400799595818, 0.2223385806704305], "val_dice": [0.24576317711934909, 0.4793144012027247, 0.6180464022292335, 0.5927860346664695, 0.6441534130624615, 0.6746794116593593, 0.6810628689979155, 0.7194655198735436, 0.7292970295934866, 0.7364703927209515, 0.7305112741655039, 0.7390768685178308, 0.747090736614239, 0.7375570764795447, 0.7398951906718664, 0.7533288551429971, 0.7570471588441036, 0.7573320386725323, 0.7645297019361229, 0.7508275419608366, 0.7607483814867873, 0.7632289547677219, 0.7601797037449117, 0.7637512061563254, 0.7679013639657588, 0.7678881104615938, 0.768626877075072, 0.7668555037465941, 0.7640556914822022, 0.7672894640430987, 0.7648971055626969, 0.7594095421413043, 0.7627254413472627, 0.7638413738852401, 0.7696179023460928, 0.7673411109380018, 0.7734519712484115, 0.7721445439261871, 0.7746757652859423, 0.770937970544502, 0.7715898418870152, 0.7706575768245306, 0.7735568030166365, 0.7689921543143222, 0.7670197056421663, 0.7745288251521883, 0.7703251175708575, 0.7732153975213298, 0.7739043676341043]}